Customer,Margin Percent,Gross Margin,Variance Count,Variance %,loads,Win Ratio,Total Quotes
.COOPER STARKEL CUSTOMER (96684-P1D),33.33,$200,0,0%,1,0%,30
.DILLON KEEFE CUSTOMER (238676-P1),10.0,$98,1,50%,2,21%,34
.JOE PATTERSON CUSTOMER (240492-P1),15.0,$90,0,0%,1,7%,15
.JOHN MEBANE CUSTOMER (96681-P1D),19.62,"$1,050",1,20%,5,6%,107
.KALII KUNITOMO CUSTOMER (96689-P1D),10.0,$200,0,0%,1,13%,31
.MICHAEL HSU CUSTOMER (96685-P1D),15.97,$95,0,0%,1,0%,1
.MIKE LAHEY CUSTOMER (96682-P1D),10.0,$38,0,0%,1,5%,21
.TREVOR MARIONI CUSTOMER (96683-P1D),30.64,$829,1,33%,3,26%,19
11 RAVENS LLC (66298-P1),23.74,"$8,046",18,56%,32,73%,85
180 SNACKS INC (86677-P1),24.52,"$1,708",5,38%,13,19%,80
1ST CLASS CIGAR HUMIDORS (67634-P1),41.2,"$27,103",38,28%,138,91%,156
"2GO PRODUCTS, LLC (230468-P1)",44.33,$884,2,33%,6,19%,32
3G BIKES INC (234466-P1),35.04,$76,0,0%,1,40%,5
5280 GARDEN SUPPLY (116379-P1),12.0,$35,1,100%,1,25%,4
A&B BRUSH MFG (51668-P1),17.69,"$1,927",3,7%,42,98%,42
A&M PREP SERVICES (240537-P1),46.72,$90,1,100%,1,7%,30
A1 TRANSLOGISTICS INC (69961-P1),21.52,$596,2,33%,6,4%,253
ABB MOTORS AND MECHANICAL INC (248704-P1),16.55,$22,0,0%,1,100%,1
ABD OFFICE SUPPLIES (50385-P1),13.18,"$1,367",13,62%,21,21%,205
ABERDEEN DYNAMICS (245829-P1),11.11,$150,0,0%,1,,
ABSOLUTE MERCH INC. (233373-P1),15.45,$400,1,100%,1,18%,17
"AC CHEMICAL, LLC (232646-P1)",18.8,$300,0,0%,5,62%,8
AC FOLDING GATES (50513-P1),12.46,$608,3,30%,10,63%,90
"ACC CRAPPIESTIX, LLC (232333-P1)",41.24,"$1,348",2,67%,3,100%,3
ACCUTEK IMAGING (88657-P1),18.09,"$6,349",25,39%,64,73%,79
ACKO (254031-P1),24.24,"$2,850",5,28%,18,41%,44
ACTION FREIGHT (59450-P1),22.59,"$19,693",6,11%,55,38%,114
ADS DENTAL SYSTEM INC (89993-P1),18.55,"$4,927",23,53%,43,97%,61
ADVANCED PET PRODUCTS (101633-P1),20.08,$761,4,40%,10,22%,49
ADVANTAGE LIGHTING SOLUTIONS (94035-P1),18.39,"$6,895",37,27%,137,45%,335
AFAM CONCEPTS INC (107890-P1),20.7,"$1,449",7,35%,20,19%,120
AFB ENTERPRISE (88658-P1),13.0,$86,0,0%,1,0%,6
AFCO MANUFACTURING CORP (49373-P1),11.0,$47,1,100%,1,6%,17
AFFORDABLE WIPERS (94566-P1),20.29,"$1,950",6,12%,51,14%,380
AG MACHINING (231851-P1),22.46,"$1,952",0,0%,4,100%,3
AG OFFICE FURNITURE (100939-P1),15.3,$570,5,42%,12,36%,33
AIR FILTERS NORTHWEST (254520-P1),10.0,$269,0,0%,1,20%,5
AIR GREEN USA (104074-P1),13.24,$513,3,50%,6,25%,24
AIR TIGER EXPRESS USA (87243-P1),20.77,"$9,126",0,0%,16,42%,26
AK ATHLETIC EQUIPMENT INC (102634-P1),12.28,"$4,172",22,28%,78,18%,421
"AL NU PRODUCTS INC, DBA US PEACEKEEPER (52712-P1)",22.26,$579,3,38%,8,40%,48
"AL NU PRODUCTS INC, dba US PEACEKEEPER (52712-P1)",19.05,$981,6,55%,11,,
ALE 8 ONE BOTTLING (103739-P1),21.72,$609,2,40%,5,25%,24
ALEDDRA (105055-P1),13.61,$880,11,46%,24,96%,24
ALERTUS (246703-P1),14.15,$735,4,33%,12,62%,21
ALFA CANTOR (95923-P1),16.1,"$1,313",3,30%,10,16%,75
ALG LIGHTING DBA MW LIGHTING (84578-P1),14.46,$674,5,42%,12,20%,109
ALIGNED MEDICAL SOLUTIONS (104631-P1),10.07,$379,2,40%,5,50%,10
ALINEA INC (108142-P1),12.54,$212,1,33%,3,100%,3
ALL AMERICAN LOCK CORPORATION (93605-P1),22.0,$58,0,0%,1,75%,4
ALL ELECTRONICS CORPORATION (103028-P1),11.0,$34,0,0%,1,17%,6
ALL FASTENERS - CA (87031-P1),29.76,$742,2,40%,5,9%,43
ALL FOREIGN AUTO PARTS. (84825-P1),21.02,$368,6,100%,6,100%,6
ALL STAR LIGHTING SUPPLIES INC (95550-P1),14.59,"$1,173",10,29%,34,30%,119
ALL TRUCKS FOREIGN - DNS (84840-P1),22.23,$83,1,50%,2,40%,5
ALL TRUCKS RECYCLING (239319-P1),18.92,$126,0,0%,2,40%,5
ALLIANCE GLAZING TECHNOLOGIES (243998-P1),15.86,$60,1,100%,1,100%,1
ALLIED WHEEL COMPONENTS (242513-P1),12.15,$818,4,36%,11,12%,88
ALLMAN PRODUCTS INC (232259-P1),20.63,$251,1,25%,4,39%,18
ALLOCACOC (50262-P1),20.8,$521,3,60%,5,50%,10
ALPINE CORPORATION (85281-P1),16.23,"$8,424",18,34%,53,9%,676
ALTA HEALTH SUPPLIES (230614-P1),19.82,"$1,614",3,21%,14,33%,39
ALTECH (42761-P1),12.78,$224,0,0%,2,17%,6
ALTECH ELECTRONICS (110481-P1),15.62,"$4,496",28,22%,128,79%,173
ALUMINUM TANK INDUSTRIES (99584-P1),25.14,"$4,338",7,17%,41,13%,316
ALVANTOR (109409-P1),27.04,"$10,298",21,52%,40,36%,127
AMAN & BAIDA ENTERPRISE DBA TIRES STUDIO (99704-P1),11.06,$20,0,0%,1,28%,25
AMERAMARK (51774-P1),16.21,$381,2,29%,7,40%,20
AMERICA CUSTOMS BROKERAGE INC (251650-P1),10.0,$79,0,0%,2,33%,21
AMERICAN CREMATORY EQUIPMENT (81213-P1),20.97,"$5,920",10,26%,38,70%,56
AMERICAN FISHING TACKLE COMPANY (94432-P1),29.78,$257,1,25%,4,44%,9
AMERICAN RECLAIMED WOOD FLOORS (242272-P1),15.18,$386,2,67%,3,4%,67
AMERICAN STANDARD COATINGS (65706-P1),13.81,"$1,065",2,22%,9,22%,37
AMERICAN WHEEL SPECIALIST INC (95643-P1),15.2,"$1,317",3,27%,11,32%,37
AMOY INTERNATIONAL LLC (68887-P1),20.2,$138,1,100%,1,20%,20
AMTURF ENTERPRISE (97182-P1),14.67,$219,0,0%,2,25%,4
ANB COMPONENTS LLC (112841-P1),25.64,"$2,008",0,0%,2,33%,3
ANDERSON MOULDS INC (112538-P1),17.05,$185,1,25%,4,46%,13
ANION PERFORMANCE CHEMICALS (101294-P1),15.33,$285,2,25%,8,75%,12
ANJOEE EXPRESS INTL (230607-P1),16.85,"$2,786",9,31%,29,26%,110
ANNEX GLOBAL LOGISTICS (97172-P1),13.36,$211,1,20%,5,23%,26
ANTHELA FOODS INC (117017-P1),25.16,$444,2,33%,6,75%,8
ANTOP (50570-P1),12.94,"$1,087",9,53%,17,72%,25
APOLLO DISTRIBUTORS (241937-P1),14.04,$431,2,25%,8,14%,59
AQUA EQUIP TECHNOLOGIES LLC (116484-P1),26.2,"$2,150",1,20%,5,29%,14
AQUA ULTRAVIOLET (105519-P1),15.39,"$3,720",11,35%,31,37%,113
AQUAVIAN FREIGHT (65967-P1),17.73,"$2,745",7,41%,17,48%,44
ARCHIPELAGO LIGHTING (51222-P1),15.34,$183,0,0%,6,19%,42
ARCHITECTURAL AUGMENTATIONS (235460-P1),26.4,$501,2,67%,3,44%,9
"ARCHITECTURAL MALL, INC (234105-P1)",22.74,"$3,248",14,52%,27,44%,79
ARGONIDE CORPORATION (105751-P1),16.46,"$1,283",5,20%,25,81%,31
ARROW COMMODITIES (245820-P1),13.4,$240,0,0%,2,0%,1
ARTEK (51669-P1),28.14,$237,1,50%,2,15%,13
ARTISAN PANELS (103745-P1),23.36,"$2,008",8,42%,19,38%,58
ARUVIL INTERNATIONAL INC (65729-P1),18.36,"$2,050",9,36%,25,89%,28
ASE SUPPLY INC / THERMO BY PRODUCTS (234944-P1),13.62,"$1,702",4,17%,24,48%,69
ASHTEL STUDIOS (107999-P1),20.1,"$2,914",6,30%,20,59%,37
ASL GROUP DBA SOGNARE TILES & STONE (66564-P1),23.17,$411,1,25%,4,29%,24
ASTC GLOBAL (250156-P1),15.93,"$2,262",7,29%,24,51%,59
"ASTRO-COOLER, INC. (255193-P1)",9.71,$200,0,0%,1,,
AT INDUSTRIAL PRODUCTS (236117-P1),16.03,"$1,918",2,12%,17,78%,23
ATHENA MEDICAL PRODUCTS INC (97179-P1),16.61,$784,6,32%,19,84%,25
ATHENA POWER (63059-P1),13.1,$126,1,20%,5,26%,19
ATLANTIC TOWERS (247143-P1),18.72,"$5,239",20,35%,57,58%,92
ATLAS INVESTMENT HOLDINGS INC (111243-P1),14.9,"$1,268",0,0%,2,,
ATM TECH PRO (248955-P1),24.11,$68,1,100%,1,50%,2
AVERYS BEVERAGES (102238-P1),23.53,"$1,161",2,29%,7,45%,20
AXESS PRODUCTS CORP (240512-P1),12.08,$25,0,0%,1,14%,7
AZ TRUCKING EXPRESS (234265-P1),14.97,"$1,599",3,50%,6,9%,53
AZUSA ENGINEERING (50235-P1),19.18,$694,3,38%,8,26%,34
BAKERS SIGNS (245577-P1),20.45,$359,0,0%,1,12%,8
BALL&SEAT SPECIALTY CO (102533-P1),17.57,$505,2,20%,10,87%,15
BAMBOO 54 (61019-P1),14.85,$183,2,40%,5,29%,21
BAY LINE TOOL & EQUIPMENT (93996-P1),16.28,$894,2,12%,17,32%,62
BBQGRILLS.COM (83094-P1),16.79,"$1,624",8,23%,35,22%,164
BEACON MANAGEMENT INC (50485-P1),35.51,$260,0,0%,5,18%,28
BEAUTY TALK LLC (113188-P1),22.41,$300,0,0%,1,100%,1
BELLINI HOME AND GARDEN (94415-P1),12.83,$115,1,33%,3,21%,14
BEN SOLEIMANI - LA (254390-P1),22.96,$938,0,0%,9,33%,24
BENNER CHINA & GLASSWARE INC (112412-P1),16.37,"$4,605",33,25%,131,31%,428
BEST SHEET METAL (50790-P1),16.48,"$2,783",12,35%,34,48%,75
BEST USED MEDICAL EQUIPMENT (246690-P1),17.15,$270,1,25%,4,12%,33
"BESTOCEAN WORLDWIDE LOGISTICS, INC. (235457-P1)",40.0,$100,0,0%,1,0%,10
BG WHOLESALE TRADING INC (88722-P1),39.71,$156,0,0%,1,100%,1
BLAST COAT SYSTEMS INC. (81249-P1),12.0,$85,0,0%,1,33%,3
BLEEKER BROS (252146-P1),24.02,"$1,100",0,0%,2,100%,1
BLOOMLITE SOLUTIONS INC (111839-P1),18.22,$30,0,0%,1,100%,1
BLUE COMMERCE INC (233578-P1),32.58,"$1,354",0,0%,2,9%,23
BLUE LAKE PARTNERS (50458-P1),18.49,"$3,952",7,21%,33,65%,54
"BLUE ROBINS, INC (67173-P1)",26.35,"$6,408",7,23%,30,61%,59
BLUESUN SOLAR CO LTD (116672-P1),15.99,"$3,482",2,22%,9,9%,69
BLUEZONE PRODUCTS (113478-P1),26.53,$656,0,0%,6,50%,12
BMB ENTERPRISES (231822-P1),34.5,$800,1,50%,2,67%,3
BNX SHIPPING INC (81068-P1),11.93,$143,1,17%,6,22%,27
BOLIDE TECHNOLOGY GROUP (104073-P1),15.9,"$10,491",26,26%,99,83%,126
BORRAYS PLASTICS (52348-P1),23.63,"$4,094",14,29%,48,86%,56
BOTANX (99693-P1),18.18,$35,0,0%,1,6%,17
BOTE (99568-P1),19.38,"$5,245",0,0%,18,,
BOTNER (90395-P1),36.06,"$1,209",1,25%,4,100%,2
BROCK TRANSPORTATION (100349-P1),18.96,"$1,192",2,33%,6,41%,22
BROEKEMA BELTWAY (93549-P1),24.53,$390,0,0%,2,,
"BROOKLYN BREW SHOP, LLC (235461-P1)",20.44,$273,1,20%,5,20%,25
"BUFFALO GILLS, LLC (238194-P1)",18.72,$471,5,50%,10,42%,24
BURKE MASONRY SERVICES INC (86637-P1),18.26,"$1,219",2,40%,5,47%,15
C3 LIGHTING SOLUTIONS (96629-P1),15.53,"$1,179",3,43%,7,94%,16
CA GOLF CENTER (50483-P1),27.73,$155,1,100%,1,100%,1
CACC GLOBAL LOGISTICS (51187-P1),17.08,$374,2,40%,5,21%,39
CAFE VALLEY (232507-P1),-1.4,$-93,0,0%,2,,
CAL CARGO (82875-P1),19.33,$355,1,25%,4,44%,9
CAL STATE SUPPLY (240034-P1),24.94,"$1,933",6,46%,13,42%,31
CALIBER RANGE CORP (59538-P1),23.43,"$1,218",3,16%,19,84%,25
CALIFORNIA ART TILE WEST (111897-P1),13.66,$768,0,0%,11,21%,56
CALIFORNIA GLASS BLOCK (87304-P1),21.11,$349,2,40%,5,56%,9
CAMERICH USA (59906-P1),9.65,"$3,113",9,35%,26,12%,185
CAMFIL USA AIR FILTERS AUSTIN BRANCH (251068-P1),23.32,$750,0,0%,2,0%,2
CAMP CHEF (234447-P1),25.6,"$1,169",0,0%,3,33%,12
CANDELLA LIGHTING CO (81443-P1),20.51,"$3,165",2,11%,18,29%,63
CANNASTER SUPPLY (96302-P1),11.25,$175,0,0%,6,25%,28
CARDDINE (106472-P1),15.07,"$1,262",5,19%,27,70%,46
CARGO LINK EXPRESS (241152-P1),27.38,"$1,686",0,0%,3,7%,46
CARGOWAYS (100131-P1),7.92,$300,0,0%,2,,
CARLSONS CHOKE TUBE-NORTHWEST ARMS (96493-P1),14.7,$196,1,25%,4,9%,45
CAROUSEL USA (236974-P1),15.17,"$1,457",4,36%,11,40%,42
CARSON TECHNOLOGY (51725-P1),13.2,$43,0,0%,1,50%,2
CASCADE SCHOOL SUPPLIES (242900-P1),16.12,$721,12,63%,19,18%,66
CASCADE STAINLESS SOLUTIONS (96383-P1),18.15,$346,0,0%,3,43%,7
CASE PAK INC (61173-P1),18.16,$468,1,20%,5,7%,58
CASTELLE FURNITURE CO INC (104930-P1),23.66,"$8,654",31,29%,107,40%,283
CD VIDEO MFG (42102-P1),13.11,"$1,323",4,24%,17,36%,55
CECILIA TECH (105393-P1),25.84,"$3,214",0,0%,3,8%,13
CHARLIE'S GOURMET FOOD EQUIPMENT (50381-P1),12.5,$82,2,100%,2,75%,4
CHATSWORTH PRODUCTS INC (242078-P1),18.36,"$5,067",2,20%,10,17%,29
CHEL'S CLOSET (109030-P1),26.78,$69,1,50%,2,67%,3
CHINA RAILWAY LOGISTICS LLC USA (87113-P1),22.15,$919,1,25%,4,8%,53
CHIPSALZ INC (94018-P1),18.42,$158,0,0%,1,29%,7
CHOYCE PRODUCTS INC (103069-P1),17.9,"$1,976",2,12%,17,90%,21
CHP LOGISTICS (50393-P1),13.08,$187,1,33%,3,22%,18
CINSA USA (113476-P1),20.94,"$23,856",48,38%,125,64%,217
CIRCLE CLOTHING LLC (107281-P1),16.81,"$1,387",4,50%,8,42%,24
"CJ LOGISTICS AMERICA, LLC (249667-P1)",18.14,$88,1,50%,2,50%,4
CLASSIC HOME (237919-P1),10.0,$11,1,100%,1,33%,6
CLEANIS (108759-P1),13.66,"$2,773",25,45%,55,77%,69
CLOSEOUT SURPLUS & SAVINGS LLC (229432-P1),24.46,"$4,464",13,42%,31,21%,164
CLOUD F1 LLC dba THE ELEGANT BAR (114182-P1),27.55,"$2,512",21,88%,24,33%,87
CLR ROASTERS LLC (86475-P1),14.74,$622,4,44%,9,50%,12
CMC WORLDWIDE (249337-P1),12.41,$231,0,0%,7,11%,63
CNS AUTO PARTS (84898-P1),14.0,$98,0,0%,2,67%,6
CODAN MX (247594-P1),37.19,"$17,890",14,16%,88,81%,114
CODAN US (246619-P1),29.49,"$22,493",38,38%,99,73%,150
COLLAZEN CARE (254963-P1),17.41,$91,0,0%,1,,
COLORADO CUSTOM (52793-P1),20.49,$510,3,43%,7,65%,20
COMFORT HOME (60887-P1),21.85,"$1,000",4,80%,5,44%,9
COMFORTSIDE LLC (235146-P1),13.54,"$1,800",0,0%,4,,
COMMERCIAL TRANSPORT NETWORK (238086-P1),23.86,"$1,391",7,88%,8,25%,32
COMPLETE COACH WORKS (104950-P1),16.32,"$3,611",7,12%,57,87%,69
CONCEPT BATH AND INTERIORS (66965-P1),16.83,$552,1,17%,6,9%,76
CONCRETE PUMPING ACCESSORIES (85884-P1),19.61,"$1,421",4,29%,14,33%,45
COOL SOFA (96623-P1),18.11,$836,3,43%,7,,
COOLER DEPOT (50236-P1),13.89,"$34,063",154,32%,481,37%,1430
COOLER DEPOT - PREPAY (114114-P1),41.06,$412,0,0%,1,20%,5
COOPER STREET COOKIES LLC (253741-P1),12.84,$324,2,40%,5,21%,24
CORAM HVAC CORP (94371-P1),12.14,$45,1,100%,1,33%,3
COWAY RETAIL - BLOOMINGTON (240173-P1),30.48,$487,1,50%,2,10%,10
COWAY USA (83665-P1),25.68,"$57,581",22,27%,82,39%,166
CRANE CLOTHING (238373-P1),15.6,"$1,559",1,8%,12,76%,17
CREATIVE DRINKS INC (110439-P1),15.73,"$1,428",5,20%,25,58%,45
CREATIVE FLAVORS AND SPECIALTIES (232593-P1),11.96,$46,0,0%,2,33%,6
CRETO WORLDWIDE (100636-P1),18.17,$273,2,29%,7,67%,12
CROWD MADE (251907-P1),12.23,$41,1,100%,1,40%,5
CRUNCH TECH INC (247848-P1),28.92,"$1,885",3,38%,8,39%,18
CST INTL GROUP INC (90098-P1),16.64,"$6,998",17,35%,49,40%,126
CUBE CARE (101776-P1),12.95,$367,5,56%,9,35%,23
CUDDLE BARN INC (46391-P1),13.91,$318,4,57%,7,16%,49
CUSTOM CREATIVE PLASTICS (44333-P1),14.68,$150,1,25%,4,40%,10
CUSTOM CUP FACTORY (230209-P1),12.44,"$1,818",17,59%,29,32%,125
D&D TECHNOLOGIES (50257-P1),18.4,$596,5,26%,19,35%,55
D&J INTERNATIONAL (82074-P1),9.2,$184,1,50%,2,67%,3
"D&S SALES, INC - WESTERN MULE CRANES (67091-P1)",12.56,$882,1,4%,24,27%,100
DAI CHEONG TRADING CO (253512-P1),25.0,$205,0,0%,1,100%,1
DAILY CONCEPTS (116842-P1),17.98,"$3,729",12,22%,55,94%,54
DALTON RUGS (88664-P1),12.84,$492,0,0%,2,17%,12
DALTON WOOD WHOLESALE (122666-P1),13.88,"$1,790",8,16%,50,53%,101
DASH 4 BRAKES (240539-P1),19.88,$182,2,50%,4,17%,42
DAYLIGHT HOME & GARDEN (60736-P1),30.19,$536,3,60%,5,58%,12
DE VORE PACKAGING INC (235210-P1),12.6,$272,2,40%,5,33%,33
DEALER LEATHER (230585-P1),13.84,$241,0,0%,2,29%,7
DEAVER SPRING INC (105340-P1),11.55,"$1,623",1,2%,57,80%,74
DEKORRA PRODUCTS (251184-P1),11.33,"$3,080",6,22%,27,44%,64
DELFINGEN (101755-P1),18.15,"$1,368",2,29%,7,60%,10
DENBESTE MOTORSPORTS (246749-P1),13.43,$736,3,12%,25,45%,51
DEPLOYED LOGISTICS (94258-P1),18.41,$442,1,12%,8,28%,39
"DERMORGANIC LABORATORIES, INC. (254488-P1)",25.67,$189,1,33%,3,100%,2
DFI AMERICA LLC (87287-P1),19.54,$136,2,100%,2,100%,3
DHANRAJ INC (247377-P1),11.89,$65,1,50%,2,25%,8
DIGITAL CELL LLC (239257-P1),21.06,$294,0,0%,1,100%,1
DIMCO APPAREL (81238-P1),17.33,$937,14,88%,16,8%,205
DIRTGLUE ENTERPRISES (245657-P1),-25.28,$-122,0,0%,1,1%,105
DISCS UNLIMITED (60985-P1),21.64,$461,2,67%,3,11%,27
DIVERSIFIED HOSPITALITY SOLUTIONS (67865-P1),21.66,$600,2,67%,3,14%,22
DIXIE PRODUCTS INC (100396-P1),15.39,"$1,012",12,55%,22,63%,38
DOLLAR EMPIRE LLC (114089-P1),15.9,"$1,541",15,75%,20,29%,68
DOLPHIN LOGISITCS INC (230470-P1),12.0,$96,0,0%,1,17%,6
DRIPLESS (102903-P1),12.74,$646,2,17%,12,10%,145
DURVY LIQUIDATION LLC (101418-P1),20.0,$92,1,100%,1,90%,10
DURVY LIQUIDATION LLC (101418-P1),19.43,$746,3,43%,7,90%,10
DYNA TRANSPORT - CA (249191-P1),12.2,$198,0,0%,5,33%,18
DYNAMX WAREHOUSE APPLIANCE (239747-P1),12.78,$497,6,38%,16,9%,199
E Z CONNECTION INC (100297-P1),20.94,$492,2,50%,4,31%,16
E&B NATURAL RESOURCES (103053-P1),34.62,$450,0,0%,2,,
E-LINK INTERNATIONAL LLC (241360-P1),14.38,$40,0,0%,2,44%,9
EARTH & OCEAN LLC (236542-P1),12.5,$210,2,67%,3,100%,4
EAST ELECTRONICS CORP (107180-P1),20.24,$817,1,12%,8,80%,10
EAST IOWA PLASTICS INC (91661-P1),6.23,$54,0,0%,2,6%,31
EAST WEST TRADING (245683-P1),20.41,$122,0,0%,1,12%,8
EASTERNCCTV (249588-P1),13.33,"$6,214",3,6%,49,62%,80
EASY GROUP LLC (101657-P1),16.8,$923,8,73%,11,67%,18
EASYFLEX USA (58997-P1),15.68,"$42,916",41,4%,1007,78%,1341
EASYFLEX WEST (232514-P1),16.99,"$13,639",14,14%,102,70%,148
ECOLOGIX ENVIRONMENTAL SYSTEMS LLC (98558-P1),25.18,"$2,820",5,19%,26,71%,45
ED LONDON WREATH (245858-P1),44.94,"$2,108",5,38%,13,39%,38
EDM PERFORMANCE ACCESSORIES (252587-P1),10.0,$236,2,100%,2,33%,6
EDWARDS ENGINEERED PRODUCTS (111509-P1),3.62,$35,0,0%,4,71%,7
EEZGLOBAL INC (82586-P1),19.65,"$4,203",12,19%,62,88%,75
EGL LIGHTING (110597-P1),19.08,$33,0,0%,1,22%,9
ELECTRIDUCT (52487-P1),18.8,"$6,258",25,32%,77,29%,293
ELOGISTIFY LLC (230712-P1),21.28,$70,1,100%,1,7%,14
EMOJO BIKE (105217-P1),13.1,"$1,618",13,39%,33,61%,69
EMPAVA APPLIANCES (251270-P1),11.59,"$7,233",38,19%,195,55%,410
EMPIRE ROOFING (252636-P1),12.0,$176,2,200%,1,25%,4
EMWEST POWERTRAIN SYSTEMS (111150-P1),15.88,"$11,811",6,9%,67,82%,77
ENCORE BEVERAGE (247791-P1),12.36,$192,2,67%,3,33%,9
ENERGETIC LIGHTING (69015-P1),16.33,"$2,993",13,39%,33,35%,100
ENERGY SERVICE PARTNERS (252581-P1),15.78,$40,0,0%,1,67%,3
ENGINEERED PROCESS SYSTEMS CORPORATION (98670-P1),13.95,"$1,079",1,4%,24,49%,47
ENGINEERED SOURCE INC (51710-P1),12.97,$651,0,0%,15,47%,30
ENTREPACK (82051-P1),17.83,"$1,148",5,36%,14,58%,31
ENVIROMOTIVE (110532-P1),14.74,"$3,940",16,20%,82,55%,181
EPOXY 2 U (51167-P1),11.32,$276,5,71%,7,16%,64
EROS (88670-P1),24.76,"$1,251",1,17%,6,30%,23
ESOULK (100065-P1),14.5,$48,0,0%,1,17%,18
ETNA PRODUCTS CO (112699-P1),17.37,$707,0,0%,3,30%,10
EURO CUISINE INC (101583-P1),14.5,$43,1,100%,1,33%,3
EURO FLEX ADJUSTABLE BEDS & NATURAL MATTRESSES (240634-P1),5.95,$-106,0,0%,2,29%,7
EVA'S ESTHETICS INC dba TUEL BERODIN (87411-P1),17.6,"$2,483",10,30%,33,76%,45
EVASIVE MOTORSPORTS (80883-P1),14.81,"$2,733",6,11%,56,65%,95
EVEREST GROUP USA (237700-P1),15.63,"$2,142",4,21%,19,20%,106
EVO AMERICA LLC (104638-P1),16.3,"$11,715",46,24%,191,50%,430
EVOLUTION ELECTRIC VEHICLES (233844-P1),3.64,$300,0,0%,2,,
EX-LITE INC (89646-P1),17.52,"$4,048",21,39%,54,58%,108
EXCELL ENTERPRISES INC (90024-P1),25.81,$636,3,30%,10,74%,19
EXOTIC AUTO RECYCLING (84822-P1),19.08,"$2,413",3,9%,33,87%,39
EXPORT TRADE SERVICES INC (104573-P1),15.55,$526,3,50%,6,58%,12
EXPRESSWAY TRANSPORTATION (240540-P1),11.78,$148,0,0%,3,22%,18
EXT FABRICS (50457-P1),15.67,"$1,486",9,45%,20,62%,34
EZ BATHS LLC (84645-P1),19.62,$221,0,0%,2,50%,4
EZGO EXPRESS (65702-P1),25.6,$318,3,100%,3,12%,26
EZMOD FURNITURE (252332-P1),10.0,$22,1,100%,1,0%,3
F1 GLOBAL INC (231766-P1),25.07,$844,3,38%,8,16%,55
FABRIMETRICS INC (114099-P1),13.68,$123,0,0%,2,29%,7
FAC LOGISTICS (107878-P1),14.84,$463,2,20%,10,27%,37
FAIRMONT DESIGN (240541-P1),15.98,$418,2,33%,6,27%,22
FAMILY FOODS INTERNATIONAL (228150-P1),15.02,$761,3,75%,4,8%,37
FANTINI MOSAICI (105209-P1),22.87,$414,1,100%,1,43%,7
FARM KING SUPPLY (113819-P1),12.6,$257,2,29%,7,7%,121
FARM PLASTIC SUPPLY (96226-P1),14.33,"$9,026",46,31%,150,35%,463
FAS ALLIANCE (243652-P1),16.0,$973,3,75%,4,67%,6
FBD LOGISTICS (228466-P1),26.68,"$43,778",27,18%,152,33%,367
FH GROUP (241392-P1),24.93,$236,1,50%,2,25%,12
FIBER CABLES DIRECT (50326-P1),16.84,$60,0,0%,1,50%,2
FIJI CUBE (102183-P1),10.34,$45,0,0%,1,25%,20
FIL-AM ASIAN STORE (234067-P1),25.05,$375,0,0%,1,17%,6
FINELINE SETTINGS (247361-P1),18.99,"$2,043",6,60%,10,17%,54
FIREFOLD (102154-P1),12.0,$44,0,0%,1,29%,17
FIRST FLAG GLOBAL LOGISTICS (255219-P1),21.66,$158,0,0%,2,75%,4
FITEC INTERNATIONAL (104202-P1),8.23,"$1,688",5,16%,31,34%,90
FITZGERALD FORMLINERS (240542-P1),12.76,$301,1,33%,3,23%,13
FLEX WIRES (50514-P1),30.37,$382,1,20%,5,80%,5
FLIP OUT WINDOWS (237301-P1),11.0,$65,0,0%,1,33%,3
FLORENCE FILTER CORP (50231-P1),17.58,"$1,053",2,10%,20,8%,248
FLOTTEC LLC (116519-P1),30.88,$771,2,100%,2,50%,4
FOCUS SHIPPING (243636-P1),12.14,"$2,047",17,37%,46,28%,173
FOOD FINDERS USA (50626-P1),28.2,"$4,865",6,35%,17,15%,149
FORCE MEASUREMENT SYSTEMS (243921-P1),11.29,$151,0,0%,4,57%,7
FOREVER REDWOOD (102661-P1),18.28,"$5,085",16,40%,40,43%,86
FORTUNET INC (102000-P1),12.83,$200,0,0%,3,50%,6
FOSTER STEPHENS (111541-P1),13.76,$912,3,21%,14,14%,114
FOSTER'S INC (102702-P1),14.04,$270,2,50%,4,50%,8
FOUR SONS BREWING (106698-P1),10.19,$102,0,0%,1,,
FOVITEC (93285-P1),24.14,"$1,493",2,25%,8,71%,14
FUN BEVERAGE (246407-P1),18.12,"$1,006",2,67%,3,50%,6
FYTERTECH NONWOVENS (243257-P1),10.0,$19,1,100%,1,33%,3
GALOT INC (51119-P1),10.42,$368,0,0%,3,1%,208
GARGOYLE TECHNOLOGIES INC (251575-P1),11.13,$378,1,50%,2,50%,2
GARLAND VENTURE GROUP LLC (98517-P1),23.31,$258,3,50%,6,30%,30
GEAR BAGS (241593-P1),15.03,"$1,395",16,64%,25,51%,47
GENERAL FLOORCRAFT (234115-P1),12.66,$467,0,0%,8,50%,18
GENERAL RESTAURANT EQUIPMENT CO (88742-P1),17.26,$144,3,75%,4,2%,312
GENEVA HEALTHCARE (107121-P1),20.8,$69,1,50%,2,29%,7
GENTEKK INDUSTRIES (66603-P1),17.75,$401,1,25%,4,100%,4
GENUS HAIR PRODUCTS (228194-P1),21.0,$411,1,50%,2,67%,3
GERIMAX INC (101220-P1),29.63,$98,0,0%,1,100%,1
GIDEONS INC (116845-P1),29.52,$705,2,13%,15,60%,25
GIFTABLE WORLD (103041-P1),26.44,$650,2,50%,4,17%,23
GILL MANUFACTURING (228586-P1),25.53,$383,3,100%,3,28%,18
GILLIS & LANE INC (67037-P1),22.5,"$8,179",17,24%,71,89%,84
GLADIATOR CARGO NETS (84818-P1),12.22,$373,9,56%,16,63%,51
GLADIATOR CARGO NETS (84818-P1),16.13,$426,4,44%,9,63%,51
GLOBAL CARTAGE INC (116473-P1),15.4,"$6,267",26,31%,84,59%,221
GLOBAL FOODS INC (92503-P1),16.45,"$3,261",15,54%,28,2%,1219
GLOBAL SALES GROUP - CA (88672-P1),20.97,$555,1,17%,6,43%,14
GLOBAL USA INC / MERCY USA (101831-P1),15.84,"$1,236",9,36%,25,46%,72
GLOWORKS (101700-P1),31.92,"$2,785",4,44%,9,53%,19
GMC COATING LIMITED - CAD (245100-P1),11.0,$107,1,50%,2,9%,47
GMI WHEELS (234993-P1),13.22,"$1,398",5,13%,38,39%,100
GOLD EAGLE USA (94488-P1),21.03,"$9,974",13,17%,76,55%,140
GOLD STANDARD CERTIFIED PARTS (252493-P1),21.34,$275,1,20%,5,100%,5
GOLDEN ARCUS INTL CO (84398-P1),24.25,"$4,804",7,25%,28,25%,171
GOLDEN BRIDGE (59017-P1),11.0,$41,0,0%,1,14%,7
GOLDEN BRIDGE INTERNATIONAL (249063-P1),11.0,$29,0,0%,1,10%,10
GOLDEN MANUFACTURING INC (113670-P1),12.48,$228,1,25%,4,28%,18
GOLDEN RAILINGS INC (98499-P1),22.44,"$3,289",8,44%,18,19%,96
GOLDEN SUN (230594-P1),11.0,$25,0,0%,1,67%,3
GOLDENHOME CABINETRY (81986-P1),46.89,$313,0,0%,1,,
GOLDENHOME CABINETRY LLC - CA (83537-P1),23.92,$197,0,0%,2,100%,3
GOLFETAIL.COM (58596-P1),14.5,$117,1,50%,2,12%,17
GOODWOOD HARDWARE (106473-P1),12.65,$357,2,25%,8,75%,12
GORILLA COATINGS CORP (87325-P1),29.92,"$3,406",1,8%,13,75%,12
GOVINO (100871-P1),19.82,"$6,430",10,31%,32,43%,68
GOVINO - OLIVIA (245413-P1),25.69,"$1,205",6,35%,17,78%,23
GRAYSON LUXURY (105305-P1),18.29,"$2,967",13,32%,40,39%,126
"GREAT LAKES FINISHING EQUIPMENT, INC. (230726-P1)",20.36,$137,5,100%,5,19%,21
GREEN CASTLE (50464-P1),12.22,$207,1,100%,1,100%,1
GREEN POWER BATTERIES (105428-P1),13.42,"$2,132",23,46%,50,24%,249
GREENPOWER MOTOR CO (249180-P1),14.75,$91,0,0%,2,40%,5
GRIP CLEAN (84392-P1),16.63,$673,6,75%,8,39%,23
GROWERS CHOICE (90518-P1),16.72,"$3,840",15,33%,45,67%,171
GROWERS-INC (97302-P1),10.11,$172,2,50%,4,25%,20
GROWING SOLUTIONS INC - IL (101396-P1),12.47,$50,1,50%,2,40%,5
GRUPO CANELA (247962-P1),18.49,$449,5,62%,8,9%,96
GSE REPAIR (103026-P1),28.22,$105,0,0%,2,50%,6
GSO PRINTING (237888-P1),13.18,$83,1,50%,2,150%,2
GUARDIAN ACCESS & DOOR HARDWARE (50943-P1),15.91,"$3,193",15,36%,42,24%,217
H & K SUPPLY (50459-P1),17.5,$230,0,0%,7,54%,13
HALESTORM ENGINEERING INC (112513-P1),25.35,$68,0,0%,1,33%,3
HAMMERS DEPARTMENT STORE (250721-P1),12.64,"$1,201",10,37%,27,72%,39
HAMPTON POPCORN (229994-P1),14.2,"$5,024",25,40%,62,51%,133
HAPPY FACTORIES (241587-P1),17.84,"$1,175",0,0%,3,50%,2
HARIO NORTH AMERICA (86055-P1),14.14,"$1,104",2,11%,19,78%,37
HARVARDS CHROME FACTORY (87360-P1),18.53,$349,2,29%,7,39%,23
HEARTH CO (105424-P1),14.31,$133,1,50%,2,18%,11
HELMY ASSOC & CO INC (112906-P1),14.86,$87,1,50%,2,67%,3
HENNESSY WOOD FLOORS (84867-P1),21.68,"$2,593",4,17%,23,57%,40
HFS SOCAL INC (231551-P1),16.73,"$1,422",9,33%,27,63%,51
HI-LITE MANUFACTURING CO INC (99796-P1),19.1,"$1,123",6,32%,19,6%,390
HIGHLAND SUPPLY CORP (117014-P1),17.09,$216,3,43%,7,14%,42
HIGOLD (96912-P1),25.62,"$3,224",11,38%,29,88%,32
HJ CLOSEOUTS (103154-P1),24.94,$241,3,75%,4,5%,75
HOME CREATION BY KK (63454-P1),19.16,$288,2,40%,5,29%,17
HOOKAH G (37075-P1),14.8,$535,2,18%,11,31%,32
HOPE HAVEN WEST (254626-P1),6.06,$300,0,0%,1,,
HOT SHOT SUPPLY (97385-P1),13.44,$801,3,23%,13,54%,24
HOUSEWARES INTERNATIONAL (231135-P1),29.66,$759,3,30%,10,25%,52
HTT CARGO (244047-P1),20.52,$278,0,0%,4,25%,12
HUSK ITT DISTRIBUTORS CORPORATION (101887-P1),22.39,$748,1,17%,6,38%,21
HYLIO INC (113143-P1),19.09,"$3,241",22,58%,38,87%,55
I.R. DISTRIBUTIONS INC (253660-P1),26.08,$486,1,33%,3,36%,11
IGNITUS CORPORATION (65671-P1),15.64,"$1,091",2,15%,13,26%,58
IMAGE PLASTICS & PACKAGING (98270-P1),11.5,$166,1,33%,3,38%,8
IMPRESS CABINETRY INC (112729-P1),36.82,"$1,269",2,50%,4,60%,5
IN DEMAND MARKETING LLC (228459-P1),33.17,"$4,368",10,18%,56,48%,124
INDIAN WELLS BREWING COMPANY (237070-P1),11.76,$200,0,0%,2,,
INDUSTRIAL TRADING SOLUTIONS (58502-P1),44.77,$111,0,0%,1,19%,16
INNOVATE IT LLC (93492-P1),17.66,$185,1,50%,2,17%,6
INNOVATING PRODUCTS GROUP (252029-P1),16.33,$307,0,0%,3,62%,8
INNOVATIVE BEVERAGE CONCEPTS INC (229777-P1),13.59,"$4,027",28,39%,71,28%,259
INSTANT TOOLS (51358-P1),14.5,$26,0,0%,1,14%,7
INTEGRA SUPPLY LLC (101495-P1),12.94,$412,2,29%,7,28%,32
INTERNATIONAL FOOD DISTRIBUTORS (250999-P1),16.31,$929,0,0%,2,100%,1
INTERNATIONAL FOOD PACKAGING INC (81127-P1),19.41,"$1,000",1,33%,3,25%,12
INTERNATIONAL WINDOW (112048-P1),20.0,$100,0,0%,1,,
INTERTEK (239125-P1),11.0,$25,1,100%,1,100%,1
INVIDIA (58801-P1),18.96,"$8,561",3,20%,15,36%,25
IOWA PARTS INC (102965-P1),14.9,"$6,227",23,25%,93,70%,132
IPOWER INC (65700-P1),18.12,$497,2,50%,4,25%,24
IPW INDUSTRIES INC. (83463-P1),13.97,$210,2,50%,4,42%,12
IQA METAL (83425-P1),12.29,$357,4,57%,7,80%,10
IR-TEC AMERICA (229997-P1),30.72,$142,0,0%,2,100%,2
ISTRETCH GROUP CORP (251925-P1),15.04,$363,0,0%,1,,
J&S CHEMICAL (250411-P1),32.41,$160,1,33%,3,43%,7
JABA USA (231534-P1),8.72,$93,0,0%,1,,
JADE DISTRIBUTION (98325-P1),13.55,$420,4,31%,13,41%,34
JAIN IRRIGATIONS INC (101486-P1),23.08,"$1,470",1,20%,5,55%,11
"JARROW FORMULAS, INC (94074-P1)",26.92,"$1,717",0,0%,4,50%,4
JARROW INDUSTRIES (109658-P1),31.61,"$10,709",4,12%,32,100%,18
JAX LOGISTICS LLC (104511-P1),14.4,$597,4,57%,7,50%,12
JBC SAFETY PLASTIC INC (51780-P1),12.7,"$2,400",11,61%,18,25%,69
JD LOGISTICS UNITED STATES COMPANY (94229-P1),23.44,"$15,146",42,55%,76,26%,339
JDA GLOBAL (60800-P1),16.13,"$3,928",44,55%,80,96%,93
JDM CALIFORNIA MOTORS (59433-P1),26.46,$643,0,0%,9,59%,17
JDM WESTCOAST (111904-P1),12.93,"$1,172",9,24%,37,53%,70
JDM WESTSIDE (51835-P1),12.61,$167,1,17%,6,40%,15
JFS LOGISTICS INC (235653-P1),19.99,"$1,920",6,55%,11,22%,45
JGW FURNITURE (103848-P1),12.55,"$1,579",13,50%,26,12%,226
JH CORP (240990-P1),22.08,"$2,956",4,57%,7,31%,16
JIAHERB INC (50655-P1),21.58,"$12,737",23,20%,116,82%,171
JIT USA LOGISTICS CORP (101120-P1),18.25,"$1,689",5,11%,44,35%,135
JL WINGERT COMPANY (88594-P1),18.06,"$7,112",20,20%,99,72%,151
JOCKIMO INC (52554-P1),23.35,"$6,820",11,24%,46,69%,93
JOHN HOWARD COMPANY (84899-P1),17.41,"$14,158",22,21%,106,80%,144
JOHN WOOD AUTOMOTIVE (82196-P1),14.5,$38,0,0%,1,100%,1
JONI AND FRIENDS (107703-P1),12.0,$48,0,0%,1,17%,6
JOYIN INC (233907-P1),25.92,$35,0,0%,1,15%,13
JPACK INTERNATIONAL INC (90437-P1),17.55,$133,1,100%,1,40%,5
JUNGLE JIM'S INTERNATIONAL MARKET (237593-P1),23.54,"$1,310",0,0%,3,67%,3
KAB DISTRIBUTORS INC. (234677-P1),28.02,"$1,387",4,57%,7,33%,24
KAHUNA CHAIR (243830-P1),23.36,"$3,111",10,43%,23,33%,91
KANSA TRANSPORT INC (251287-P1),14.48,"$1,100",0,0%,3,,
KC HILITES (114381-P1),12.0,$127,0,0%,2,100%,3
KC TRADING (50460-P1),13.5,$94,0,0%,1,6%,16
KCC TRANSPORT - HOU (113460-P1),18.42,$35,0,0%,1,17%,18
KCC TRANSPORT - HOUSTON (113460-P1),29.28,"$2,569",2,33%,6,,
KCC TRANSPORT - LAX (HQ) (89832-P1),32.57,$810,0,0%,3,,
KCC TRANSPORT - NEW YORK (113463-P1),17.0,$38,1,100%,1,,
KCC TRANSPORT - RANCHO DOMINGUEZ (89832-P1),28.47,"$8,040",11,44%,25,,
KCC TRANSPORT - SFO (113459-P1),21.57,"$1,100",0,0%,1,0%,1
KEEN RAMPS (97761-P1),12.5,$72,1,50%,2,5%,44
KEN MASON TILE (50280-P1),12.3,$669,5,28%,18,63%,27
KENNEDY BAG IMPRESSIONS (101361-P1),15.66,$307,1,20%,5,67%,6
KEVIDKO (229223-P1),18.86,"$2,034",12,67%,18,26%,72
KEVIDKO - BELEN (250042-P1),25.17,"$1,011",7,50%,14,25%,68
KGL AMERICA  - MIA OFFICE (61936-P1),18.63,$147,3,100%,3,19%,26
KGL AMERICA (50424-P1),16.88,"$3,369",8,21%,38,47%,103
KHL LOGISTICS INC. (254673-P1),6.32,$44,0,0%,1,25%,4
KILO E  LIQUIDS (240988-P1),12.98,"$3,622",5,5%,111,50%,220
KINGDOM DISTRIBUTORS (98029-P1),27.29,"$6,240",11,22%,50,33%,195
KINGER INDUSTRY INC (81250-P1),13.77,"$2,010",12,32%,37,53%,77
KINGFA GLOBAL INC (50330-P1),16.7,"$15,943",87,41%,210,82%,255
KINGHOOD INTERNATIONAL LOGISTICS (240864-P1),17.01,"$4,257",9,33%,27,8%,291
KINGSFIELD INC (101084-P1),11.47,$50,0,0%,1,3%,38
KINSEN FILTER MFG (107906-P1),37.48,"$3,146",2,15%,13,52%,27
KNF DESIGNS (230666-P1),30.45,"$2,689",1,17%,6,30%,23
KOBE RANGE HOODS (82910-P1),24.07,$103,0,0%,2,15%,13
KOLGOL (107454-P1),14.14,$106,0,0%,4,100%,4
KOOKABURRA LICORICE (63443-P1),13.37,$542,3,43%,7,29%,31
KOOL MIST (87797-P1),12.0,$87,1,100%,1,50%,2
KOSTER KEUNEN MANUFACTURING INC (242096-P1),15.42,"$5,139",15,33%,45,59%,66
KRB MUSIC CO INC (105762-P1),27.08,"$1,346",5,83%,6,16%,38
KS WOODCRAFT LLC (105417-P1),11.0,$40,0,0%,1,,
KSOLV (249595-P1),10.53,$400,0,0%,1,,
KULL LAVERDE TRUCKING (106577-P1),22.93,"$8,036",20,45%,44,33%,126
KUZCO LIGHTING (105406-P1),10.5,$120,0,0%,1,11%,9
KW INTERNATIONAL (65898-P1),27.75,"$4,676",20,28%,71,61%,126
KYZAA BIOPAK (64404-P1),26.87,$765,0,0%,3,50%,4
L&G PETROLEUM OPERATING (253726-P1),19.95,"$1,495",0,0%,1,,
L&M SERVICES (102132-P1),13.72,$738,1,10%,10,100%,9
LA BOTTLEWORKS (105228-P1),17.41,$995,0,0%,2,,
LA GARDEN SUPPLY (89184-P1),21.52,$755,8,57%,14,90%,20
LAB TECH SUPPLY COMPANY (92178-P1),28.07,"$6,595",2,15%,13,21%,53
LACONTEMPO (109944-P1),12.0,$53,0,0%,1,20%,5
LANCASTER FLOW AUTOMATION (251694-P1),10.22,$105,1,50%,2,120%,5
LANDMARK GRAFIX (230693-P1),33.35,"$1,413",3,60%,5,36%,11
LANDWAY (66963-P1),23.01,"$2,116",2,29%,7,37%,19
LAPEL SOLUTIONS (96571-P1),13.4,"$1,191",5,25%,20,24%,76
LARK INTERNATIONAL (87037-P1),12.37,"$1,350",0,0%,8,11%,54
"LASER EXPRESS, INC. (60791-P1)",23.72,"$3,999",12,35%,34,85%,40
LATIN BEAUTY SUPPLY (240878-P1),26.82,$152,0,0%,1,100%,1
LAUFER GROUP - CA (253801-P1),9.27,$309,1,50%,2,25%,4
LAVERDE TRUCKING (100298-P1),17.83,"$1,725",0,0%,8,50%,8
LAZER MARBLE & GRANITE (103558-P1),17.85,"$7,414",2,9%,23,24%,49
LCI PRODUCTS (95846-P1),15.59,"$1,455",24,50%,48,56%,140
LEGACY LICENSING PARTNERS (108893-P1),12.72,$399,3,60%,5,26%,19
LEGEND OF ASIA INC (49781-P1),11.89,"$2,888",6,9%,64,67%,98
LEGION FLOOR (109408-P1),17.76,$70,1,50%,2,100%,2
LFD FORWARDING INC (98612-P1),17.87,"$1,923",3,23%,13,39%,57
LIFELINE BATTERIES (104071-P1),14.71,"$2,565",21,22%,94,19%,548
LIGHTING IMAGES TECHNOLOGY (251765-P1),7.04,$20,0,0%,1,,
LIGHTING JUNGLE (249558-P1),12.91,$501,4,31%,13,34%,35
LITE SOURCE INC (62990-P1),12.54,"$4,177",10,16%,63,26%,238
LIVING ESSENTIALS CORP (88064-P1),30.97,"$26,151",220,97%,226,85%,278
LKWID LLC (52151-P1),15.1,"$7,916",34,41%,82,78%,120
LLP GLOBAL (66427-P1),21.96,"$2,796",16,48%,33,30%,159
LOCK N CLIMB LLC (106186-P1),13.67,"$1,105",0,0%,21,29%,79
LOGIC-OLOGY (108022-P1),23.23,"$5,488",10,50%,20,21%,239
LOGIN MULTIMODAL LLC (104060-P1),17.68,$341,3,100%,3,71%,7
LONESOME COTTAGE FURNITURE CO (104935-P1),14.96,"$2,444",14,52%,27,19%,149
LONG BEACH TRADING (63274-P1),12.0,$190,0,0%,3,4%,71
LULL MATTRESS (247183-P1),10.33,$101,0,0%,3,100%,3
LUMEFFICIENT LIGHTING CORPORATION (103280-P1),12.16,$41,0,0%,2,67%,3
LUMEFFICIENT LIGHTING CORPORATION (103280-P1),14.29,$30,0,0%,1,67%,3
LUSIVE DECOR (86465-P1),24.88,"$1,003",2,67%,3,6%,47
LYNDEN INTERNATIONAL TEXAS (111654-P1),5.41,$395,0,0%,1,,
LYNN ELECTRONICS (107514-P1),12.0,$45,0,0%,2,29%,7
MA GROUP OF COMPANIES (247186-P1),18.11,"$2,863",8,18%,44,69%,68
MAGERACK (59107-P1),20.64,$462,1,33%,3,14%,28
MAGI FOODS (245038-P1),13.0,$66,0,0%,1,40%,5
MAGIC TRANSPORT (98559-P1),17.95,$283,0,0%,3,13%,23
MAGNOLIA INTERNATIONAL SERVICES LLC (106641-P1),41.53,$69,1,100%,1,100%,1
MAGNUS INDUSTRIES (91289-P1),10.0,$113,1,50%,2,0%,7
MAGNUS TEXTILE (97635-P1),14.62,"$1,127",5,28%,18,32%,85
MAHER WATER (247339-P1),5.56,$50,0,0%,1,,
MAILING SYSTEMS INC (85616-P1),12.75,$140,0,0%,2,50%,4
MAKESY (249064-P1),12.35,"$4,717",11,11%,100,52%,219
MALIK GALLERY (59106-P1),13.3,"$7,349",60,52%,115,78%,168
"MANDARIN USA, INC (67694-P1)",11.0,$197,0,0%,3,25%,12
MARBLE SYSTEMS (243345-P1),18.9,$603,3,27%,11,6%,254
MARKETAIR (229292-P1),15.32,"$1,202",3,20%,15,70%,20
MARTIN ABASCAL CORP DBA ABASCAL VINYL TOPS (254346-P1),-20.59,$-103,1,100%,1,10%,10
MARUKAN VINEGAR USA (101648-P1),16.67,"$3,058",20,44%,45,30%,175
MATE USA LLC (112540-P1),17.52,$578,1,9%,11,31%,45
MATERIAL ARCHITECTURE FURNITURE (245567-P1),-819941.68,$-83,0,0%,2,14%,7
MATRIX AIR SYSTEMS (114161-P1),22.89,"$5,255",12,24%,51,17%,304
MAYA KAIMAL FOODS (104872-P1),11.85,$816,7,44%,16,79%,24
MBK OFFICE (92992-P1),20.49,"$1,230",2,25%,8,67%,9
MC ELECTRIC (107886-P1),20.0,$50,0,0%,1,,
MCCARTHY GRANITE (100442-P1),13.31,"$1,300",3,15%,20,73%,30
MCI MIRITZ CITRUS INTERCONTINENTAL LLC (98086-P1),12.0,$33,0,0%,1,50%,2
MCOCOD (250985-P1),16.25,$314,1,50%,2,14%,22
MCWHORTERS LTD (102435-P1),10.13,"$1,000",8,42%,19,19%,151
MEADOW DECOR (61999-P1),13.71,$471,4,25%,16,34%,50
MEDZON HEALTH (106108-P1),10.0,$34,0,0%,1,33%,3
MEGATOYS (94479-P1),18.68,$185,1,50%,2,22%,9
MEKONG TRADING LLC (251555-P1),31.13,"$1,853",0,0%,5,75%,4
MER LOGIS INC (51347-P1),16.77,$338,0,0%,6,19%,36
METALLIC LADDER MANUFACTURING (116334-P1),15.49,"$5,263",13,29%,45,17%,289
METALLIC LADDER MANUFACTURING - BRENDA (252492-P1),39.23,"$2,904",4,21%,19,48%,42
METRO POLY CORP (89650-P1),17.73,"$1,409",5,38%,13,17%,72
MEXI-LAND (60970-P1),26.22,"$11,771",22,33%,67,47%,130
MI SANTUARIO (90421-P1),20.89,"$4,379",17,57%,30,44%,68
MIDWEST TRADING CO (65937-P1),15.23,"$2,428",29,45%,65,89%,71
MIKES RESTAURANT SUPPLY (58890-P1),12.0,$26,0,0%,1,5%,40
MILAEGERS (248748-P1),22.71,$280,2,67%,3,100%,2
MILAN CLOTHING (230206-P1),13.75,"$3,252",12,46%,26,61%,49
MILIJANA & SONS TRUCKING INC (101156-P1),15.14,$318,0,0%,4,19%,27
MINNANO JAPANESE GROCERY (238810-P1),12.41,$606,2,20%,10,100%,10
MIRROR IMAGE (93977-P1),13.4,"$3,092",12,28%,43,44%,108
MIZU (102329-P1),14.48,$253,1,50%,2,22%,9
MJ TREEHOUSE VENTURES DBA UPSCAPERS (116801-P1),23.46,"$1,771",6,43%,14,20%,100
ML FILTERS (89197-P1),13.0,$30,0,0%,1,15%,13
MLR PACKAGING (240549-P1),21.51,"$1,666",2,6%,32,63%,49
MM SHIP SUPPLY CHAIN LTD (116299-P1),17.45,"$1,606",2,40%,5,3%,236
MO' MONEY ASSOCIATES (232897-P1),12.33,"$8,752",19,28%,69,64%,106
MONARCH TEXTILES (244081-P1),12.38,$321,2,25%,8,32%,25
MOTIONWISE PRODUCTS (66712-P1),18.61,"$1,420",3,38%,8,65%,17
MPA SALES (61042-P1),17.07,$68,0,0%,1,100%,1
MPD HOLDINGS (60894-P1),11.31,$185,0,0%,4,41%,17
MTC INDUSTRIES (96242-P1),14.14,$286,4,80%,5,29%,24
MTJ AMERICAN LLC (248764-P1),18.03,"$1,051",5,50%,10,45%,29
MTS GLOBAL (251792-P1),10.84,$387,1,25%,4,75%,8
MUDDY WATER LOGISTICS (251535-P1),10.0,$317,3,60%,5,12%,92
MULTI SALES INC. (240550-P1),13.63,$791,8,67%,12,60%,47
MYRIAD TRADING (50505-P1),38.27,$381,1,100%,1,12%,8
NAXA ELECTRONICS INC (102330-P1),20.18,"$5,692",2,13%,15,29%,51
NEBULITE (60380-P1),13.28,"$1,897",11,28%,39,68%,56
NEOLITHIC DESIGN (51927-P1),52.96,$144,0,0%,1,9%,11
NEW CROWN WHOLESALE (102836-P1),21.79,"$1,110",4,44%,9,23%,43
NEW RAY TOYS INC (65846-P1),21.37,"$5,352",11,22%,49,22%,215
NEW SUN LOGISTICS INC (99797-P1),20.23,"$3,008",19,51%,37,32%,128
NEWARK WIRE WORKS (109166-P1),27.94,"$2,057",3,30%,10,57%,23
NIAGARA FIBERBOARD INC (86764-P1),11.0,$39,0,0%,1,3%,38
NIELSEN PRODUCTS LLC (100064-P1),14.52,$790,8,50%,16,72%,32
NINJA PAINTBALL (235930-P1),20.29,$529,3,33%,9,58%,19
NISSIN INTERNATIONAL TRANSPORT (83466-P1),14.4,$562,7,58%,12,35%,46
NORCAL CAR & TRUCK (84821-P1),19.8,$252,1,25%,4,57%,7
NORTH 40 FABRICATION (252867-P1),21.43,$750,0,0%,1,,
NOW MOVE USA (63649-P1),13.45,"$15,414",118,45%,262,8%,4100
NUTECH COMPANY (245654-P1),19.88,$400,0,0%,8,50%,16
OASIS IMAGING (245837-P1),19.45,"$2,457",7,28%,25,76%,37
OCEAN ROCK USA (88679-P1),16.39,"$4,204",30,30%,100,54%,209
OCEANIA INTERNATIONAL (62004-P1),16.72,"$13,802",15,16%,91,68%,115
OCEANIA INTERNATIONAL - MEMPHIS (62005-P1),25.77,$475,2,67%,3,0%,1761
OCEANIA INTERNATIONAL - NEW JERSEY (89526-P1),16.44,"$1,393",3,25%,12,0%,4408
OLD MODERN HANDICRAFTS (229734-P1),13.14,$610,5,42%,12,22%,64
OMEGA BROADCAST GROUP (106418-P1),11.0,$52,1,100%,1,22%,9
OMEGA BROADCAST GROUP (106418-P1),23.56,$179,2,100%,2,22%,9
OMNISTONE MASONRY (253172-P1),7.83,$200,0,0%,1,33%,3
ONE STOP OUTDOOR (249202-P1),18.87,$122,1,50%,2,33%,6
OP PRODUCTS INC (100893-P1),15.5,$201,0,0%,3,38%,13
OP PRODUCTS INC (100893-P1),19.5,$37,0,0%,1,38%,13
ORCA BEVERAGE (108192-P1),13.31,"$2,729",11,48%,23,58%,38
ORIGINAL NEW YORK SELTZER (105226-P1),18.57,"$2,922",1,11%,9,69%,13
ORWELL INC (253734-P1),73.22,$464,1,100%,1,50%,2
OSIO INTERNATIONAL INC (96219-P1),6.46,$700,0,0%,2,0%,1
OXARC (244277-P1),29.88,$746,2,67%,3,100%,4
"OZONE LAYER DEODORANT, LLC. (113822-P1)",36.63,$114,0,0%,1,6%,18
PACIFIC ARC INC (100724-P1),14.08,$37,1,100%,1,16%,38
PACIFIC DUALIES INC (115870-P1),14.21,"$1,771",3,20%,15,52%,29
PACIFIC EAST CO (81531-P1),13.25,$73,1,50%,2,50%,4
PACIFIC HOME & GARDEN (95125-P1),15.41,"$1,087",3,20%,15,33%,52
PACIFIC TECH (68043-P1),27.13,"$1,709",6,15%,41,84%,49
PACIFIC WAREHOUSE SALES (83582-P1),14.12,"$1,827",4,8%,53,87%,62
PACIFIC YURTS (111120-P1),11.75,$87,0,0%,3,8%,37
PACKAGING STRATEGIES INCORPORATED (238394-P1),18.45,$461,4,57%,7,15%,48
PACKAIR AIRFREIGHT INC (88959-P1),17.02,"$4,926",15,41%,37,51%,160
PACLIGHTS LLC (64270-P1),13.46,"$10,474",38,26%,145,89%,177
PAKET CORPORATION (242255-P1),12.0,$32,0,0%,1,20%,5
PANIC PLASTICS (85571-P1),17.08,$410,1,25%,4,33%,12
PAPER TUBE & CORE (230578-P1),18.87,$196,2,50%,4,33%,43
PAPER TUBE & CORE (230578-P1),35.66,"$1,140",5,50%,10,33%,43
PAPERS FILMS & FOILS CO (108262-P1),12.96,$114,1,33%,3,14%,22
PAR INTERNATIONAL INC (101842-P1),14.55,$777,10,59%,17,36%,39
PARAGON PROMOTIONS INC (96446-P1),30.72,$186,1,33%,3,50%,6
PARK AVE APPLIANCES (234586-P1),12.15,$464,4,40%,10,14%,105
PARKER AND SONS TRANSMISSIONS (51911-P1),20.84,"$1,789",12,26%,47,73%,63
PC MICRO STORE (242607-P1),12.52,$259,2,40%,5,62%,8
PDC (52446-P1),18.42,"$9,903",11,28%,39,40%,82
PDQ AUTOMATIC TRANSMISSION PARTS (86675-P1),17.07,"$2,090",16,31%,51,96%,54
PEAK FRESH USA (59029-P1),11.75,$130,0,0%,2,17%,12
PENTIUS USA INC (101213-P1),15.59,"$1,621",2,29%,7,12%,65
PETER PAN NOVELTY COMPANY (96025-P1),21.86,"$7,870",12,26%,47,84%,61
"PETLAND, INC. (101454-P1)",32.4,"$1,192",0,0%,6,42%,24
PHAT SCOOTER (110271-P1),11.0,$132,0,0%,2,56%,9
PIMS (241190-P1),13.38,$27,1,100%,1,33%,3
PINNACLE PEAK TRADING COMPANY (235917-P1),33.94,$244,0,0%,2,33%,9
PLANTATION CANDIES (93930-P1),25.19,"$3,728",35,46%,76,96%,79
PLASTIC INNOVATIONS INC. (246223-P1),16.52,$216,1,17%,6,88%,8
PLATFORM DISPLAYS (104694-P1),15.6,$388,1,20%,5,29%,14
PLATINUM ACCESS SYSTEMS (51118-P1),14.92,"$1,602",11,35%,31,62%,53
PLATINUM STAGES (109946-P1),14.31,$783,7,70%,10,28%,36
POLY CORR INDUSTRIES (70146-P1),20.88,"$2,725",6,24%,25,50%,50
"POLYMAX THERMOPLASTIC ELASTOMERS, LLC (231291-P1)",11.0,$134,0,0%,1,8%,12
POOLMASTER INC (228067-P1),15.36,"$1,217",4,40%,10,14%,87
PORTLAND PACKAGING CO (105047-P1),14.09,$33,0,0%,1,57%,7
PORTOR INDUSTRY (65673-P1),15.47,"$2,392",5,23%,22,45%,51
POSITIVE CONCEPTS (50250-P1),16.13,"$1,815",8,14%,56,12%,455
POSSMEI USA FREIGHT (245592-P1),6.67,$400,0,0%,3,,
POSSMEI USA INC (245592-P1),11.0,$130,1,50%,2,21%,33
POST PONY WAREHOUSE (254229-P1),19.1,"$3,492",8,23%,35,14%,258
POWER STEER INC (63189-P1),14.04,"$2,208",7,10%,71,66%,125
POWER TRIM CO (229541-P1),18.0,$446,1,9%,11,52%,31
PP WAREHOUSE INC (231022-P1),15.83,"$11,228",56,54%,104,9%,1225
PRECISION WATERJET INC (81239-P1),21.29,"$3,338",3,17%,18,56%,32
PREFERRED WIRE PRODUCTS (105213-P1),17.91,"$2,241",13,72%,18,64%,28
PREMIER ORGANICS (95905-P1),17.21,$804,3,30%,10,91%,11
PREMIER PUMP AND POWER (94206-P1),20.56,"$5,201",19,35%,55,80%,76
PRESTIGE IMPORT GROUP (61593-P1),42.54,"$23,335",39,35%,112,44%,269
PRIMA NOCE PACKING INC (104473-P1),12.73,$800,0,0%,1,25%,12
PRO LITE (93191-P1),22.33,"$1,020",6,38%,16,49%,35
PRO MOTION DISTRIBUTING (92973-P1),24.57,"$6,455",72,51%,141,62%,233
PRO SHIFT (106770-P1),25.47,$161,2,50%,4,50%,8
PRO-EDGE INDUSTRIES (250441-P1),14.56,$111,0,0%,4,34%,97
PROCRAFT CABINETRY ATLANTA (114309-P1),16.0,$213,1,12%,8,70%,10
PROCRAFT CABINETRY MIAMI (107979-P1),9.28,"$1,300",0,0%,2,,
PROEDGE INDUSTIES INC (250441-P1),15.55,$861,3,11%,27,,
PROFAB SHEET METAL INC (104131-P1),9.3,$510,0,0%,5,0%,3
PROLIN MARKETING INC (84364-P1),26.94,$295,0,0%,1,50%,2
PUBLIC SPECIAL COMMODITIES DIVISION (117082-P1),19.47,"$5,802",13,36%,36,31%,135
PULSAR PRODUCTS (50500-P1),12.34,"$6,644",13,12%,107,44%,250
PUMPING SOLUTIONS (52530-P1),22.74,"$10,383",10,6%,158,91%,193
PURCELL MURRAY (240880-P1),12.5,$274,0,0%,3,50%,10
PURE ASSAY (60071-P1),11.79,$287,3,50%,6,24%,29
PURE LOGIC INDUSTRIES (95684-P1),25.29,$55,0,0%,1,50%,2
"PURE N NATURAL SYSTEMS, INC. (234046-P1)",19.38,"$2,285",5,12%,41,89%,47
PURETECK CO INC (61562-P1),13.88,$636,3,21%,14,28%,53
PURSUE HEALTH (247909-P1),50.0,$600,0,0%,1,,
PYRO DISTRO (250378-P1),14.59,$571,0,0%,4,10%,10
Pro-Edge Industries (250441-P1),20.96,$25,0,0%,1,,
Q SHIP USA CORP (117114-P1),12.24,"$1,448",13,38%,34,1%,3977
QBM AUTO PARTS (84828-P1),22.0,$82,0,0%,1,50%,2
QMART INTERNATIONAL (231505-P1),16.36,$110,2,50%,4,25%,16
QUANTUM VENTURES CORPORATION (51656-P1),12.52,"$2,702",5,23%,22,100%,23
QUARTER INDUSTRIES (234880-P1),15.69,$255,2,40%,5,25%,16
QUIKLEEN ABSORBENT (254193-P1),10.0,$118,2,50%,4,67%,12
QURE WATER (233055-P1),18.71,$720,4,67%,6,21%,28
R&R INDUSTRIES (106223-P1),12.84,$67,0,0%,1,33%,3
R&R LOGISTICS (92439-P1),14.72,$816,3,20%,15,32%,47
RASKIN (100279-P1),25.74,"$1,670",0,0%,9,70%,27
RASKIN (100279-P1),19.24,$591,0,0%,9,70%,27
RATEC LLC (238100-P1),13.34,$87,1,50%,2,23%,13
RAVEN INDUSTRIAL SUPPLY (228168-P1),27.93,$366,2,50%,4,26%,19
RB COMPONENTS (51610-P1),17.59,"$3,997",11,21%,52,47%,125
RCI MANAGEMENT SERVICES (248662-P1),15.26,$104,1,50%,2,4%,26
RDM SUPPLY CHAIN SOLUTIONS (90889-P1),20.75,"$1,142",4,40%,10,10%,125
REAL INTERNATIONAL SCM CORP (72062-P1),19.59,"$3,416",1,14%,7,7%,152
REALSTONE SYSTEMS (64462-P1),18.19,"$26,285",77,16%,493,36%,1382
RED RUBY INTERNATIONAL LOGISTICS (231984-P1),10.86,$298,4,100%,4,40%,10
REDSTONE FOODS INC (100869-P1),13.71,"$1,076",2,18%,11,18%,72
REINHART & ASSOCIATES INC (89906-P1),28.84,"$3,252",4,67%,6,67%,6
RELIANCE AIRCRAFT INTERNATIONAL (110961-P1),12.69,$496,1,11%,9,35%,34
REPUBLIC FLOOR - AZ (111692-P1),15.76,"$2,215",10,40%,25,46%,50
REPUBLIC FLOORING (83157-P1),12.0,$152,2,100%,2,33%,6
REVEL HOME (80054-P1),15.03,$183,3,60%,5,30%,20
REX DISTRIBUTOR (60513-P1),14.11,"$1,172",13,52%,25,43%,69
RIA DISTRIBUTING INC (97759-P1),21.41,"$3,813",15,58%,26,67%,42
RICHIN TRADING INC (109772-P1),18.0,$591,1,33%,3,38%,8
RICHMAN COSMETIC INC (65728-P1),22.4,$463,1,50%,2,33%,9
RII EXPRESS (80710-P1),25.66,"$11,689",20,43%,47,48%,109
RIVEROAKS (116441-P1),23.41,$949,0,0%,6,38%,8
RLT LOGISTICS GROUP LLC (60174-P1),14.26,"$1,380",3,16%,19,2%,817
ROBERT WAYNE FOOTWEAR (240554-P1),12.25,$375,2,33%,6,100%,6
ROCKET FIZZ (100234-P1),16.96,"$3,491",10,50%,20,40%,57
ROCKFORD CORPORATION (103074-P1),13.74,"$1,360",2,29%,7,75%,8
ROLLAND HAIRTREND INC - NC (249591-P1),18.12,$335,0,0%,3,67%,6
ROLLAND HAIRTREND INC DBA AMVECK (98441-P1),26.62,$187,0,0%,1,100%,1
RON ROBINSON (240555-P1),17.27,$681,6,33%,18,48%,42
ROYAL PACKAGING (89688-P1),13.86,$452,3,75%,4,40%,10
RPA INTERNATIONAL. (65727-P1),14.73,$319,2,67%,3,15%,13
RTJ SALES (251448-P1),5.17,$150,0,0%,1,,
RUVATI USA (94478-P1),17.6,"$2,438",7,39%,18,30%,69
Refresco Beverages (242796-P1),12.0,$27,1,100%,1,,
SABA AIR (50669-P1),12.0,$63,1,50%,2,40%,5
SAGRA INC (106366-P1),11.7,$331,4,57%,7,22%,41
SALESMAGIC INC (108141-P1),14.65,$676,4,36%,11,56%,18
SAN BENITO TEXTILES & THRIFT STORE (116245-P1),17.09,$47,1,50%,2,3%,30
SANDHU PRODUCTS (237706-P1),11.63,"$1,123",7,25%,28,66%,47
SATOR SOCCER (246940-P1),24.77,"$1,837",15,79%,19,17%,115
SAVIA USA (97888-P1),16.97,$100,1,100%,1,5%,22
SAW MASTER DIAMOND TOOLS (50517-P1),13.29,$359,3,33%,9,21%,42
SDI DEALS (66720-P1),12.2,$126,0,0%,4,2%,202
SDR MOTORSPORTS INC (87676-P1),35.91,"$5,633",1,5%,19,80%,25
SDS NATIONAL (102907-P1),16.02,"$22,018",95,25%,382,31%,1430
SECURE EWASTE MANAGEMENT (251482-P1),10.0,$44,0,0%,1,50%,2
SEGERO INC (87355-P1),11.41,$181,0,0%,3,46%,13
"SELERY FULFILLMENT, INC (243187-P1)",14.1,$320,1,17%,6,33%,24
SEMSOTAI USA INC (108888-P1),12.5,$129,0,0%,2,22%,9
SENFENG LASER USA INC (88165-P1),22.83,"$2,899",8,28%,29,65%,48
SERFAS (232816-P1),17.98,"$2,764",6,18%,33,20%,171
SERFAS - AZ (250327-P1),37.91,"$15,488",48,56%,85,62%,143
SGCB AUTOCARE (87326-P1),32.93,$765,2,25%,8,44%,18
SHARK WHEEL (246118-P1),21.13,"$2,532",11,69%,16,41%,32
SHARRATT PROVISION INC (92018-P1),23.15,"$11,372",21,43%,49,26%,203
SHINGLE GUARD (252028-P1),17.43,$95,0,0%,1,,
SHIPIT4US LLC (107170-P1),13.87,$440,5,36%,14,5%,362
SHIPPING AND HANDLING (104504-P1),17.83,"$4,372",10,14%,70,64%,114
SHUMAN PLASTICS (85006-P1),19.61,"$2,165",5,17%,30,42%,72
SIERRA ALLOYS (61045-P1),19.61,"$2,095",3,12%,24,42%,71
SIERRA DISPLAY FIXTURES INC (95480-P1),13.84,"$1,722",4,36%,11,56%,18
SIFA USA (65708-P1),24.98,$147,0,0%,2,,
SILICON FORENSICS INC (104593-P1),31.1,$649,2,33%,6,56%,9
SILVERGATE SHIPPING INC (51355-P1),14.38,"$4,774",14,31%,45,18%,377
SILVERWINGS UNIQUE (60288-P1),20.69,"$3,733",9,30%,30,13%,319
SIPAC BAG (98462-P1),11.25,$140,2,100%,2,7%,27
SITMATIC USA (94646-P1),22.79,"$12,404",54,39%,140,46%,338
SKYWAY BROKERAGE (244804-P1),13.74,$278,1,25%,4,9%,115
SLIQUID LLC (100495-P1),13.5,$237,0,0%,1,29%,7
SMARTSTAGE (107727-P1),26.32,$50,1,100%,1,11%,9
SMITTY PAN MFG (89500-P1),18.11,"$1,409",10,38%,26,40%,67
SMM MANUFACTURING INC (88721-P1),20.33,"$1,855",6,40%,15,79%,19
SN CYCLE COR (88686-P1),12.0,$42,0,0%,1,12%,8
SNACK MEX (50453-P1),19.24,$362,2,40%,5,62%,8
SNAX IN PAX (249372-P1),19.82,"$1,892",3,23%,13,79%,14
SNOW JOE - LACY WA (245750-P1),17.03,"$1,175",3,38%,8,19%,58
SOL CABINETS WHOLESALE INC (96880-P1),13.0,"$1,846",6,21%,29,74%,43
SOMERSET WAREHOUSE PLUS INC (101595-P1),11.67,$80,1,50%,2,8%,38
SONDER LIVING USA (115159-P1),0.0,$0,0,0%,1,0%,2
SONORAN STONECRETE (90950-P1),43.2,$829,0,0%,6,25%,24
SOURCE TRADING LA LLC (251925-P1),8.04,$859,6,100%,6,58%,12
SOUTHERN PACKAGING SUPPLIES (251214-P1),12.77,$75,1,33%,3,50%,6
SOUTHLAND POLYMERS (243007-P1),13.9,"$1,230",4,40%,10,23%,52
SOUTHWEST HARDWOOD FLOORS INC (70302-P1),23.33,"$3,068",1,14%,7,13%,38
SOUTHWEST SCHOOL & OFFICE SUPPLY (100182-P1),18.82,$219,2,50%,4,10%,41
SOW SOLUTIONS CORP (110105-P1),18.31,$59,0,0%,2,57%,7
SPEEDPRESS (81406-P1),13.24,"$2,137",3,14%,21,26%,123
SPI WEST PORT INC (100183-P1),15.95,"$4,252",10,28%,36,27%,128
SR SMITH LLC (248951-P1),18.75,$300,0,0%,1,0%,1
SRI LAKSHMI NARASIMHAR OVERSEAS LLC (244856-P1),11.26,$541,1,14%,7,44%,16
STANDARD AUTO (88687-P1),20.75,$415,1,20%,5,16%,43
STEPHEN GOULD CORP - FREMONT (243594-P1),13.0,$47,1,100%,1,50%,2
STEPHEN GOULD CORP - LOS ANGELES (106302-P1),28.36,$475,0,0%,1,,
STEPHEN GOULD CORP - SAN DIEGO (106301-P1),17.63,$292,0,0%,3,43%,7
STERLING WATER TECHNOLOGIES LLC (108929-P1),13.25,$596,5,62%,8,28%,32
STEVEN ENGINEERING (248006-P1),10.0,$49,1,100%,1,29%,7
STONE FIREPLACES (98829-P1),19.92,"$2,242",9,39%,23,68%,37
STRATEGIC MERCHANDISE GROUP (100044-P1),15.36,$343,1,50%,2,6%,35
STRICTLY DIESEL (111096-P1),13.89,$289,4,57%,7,40%,15
STUEWE & SONS INC (100192-P1),16.6,"$2,367",4,17%,24,10%,228
STURDY GUN SAFES (96408-P1),12.08,$779,3,18%,17,20%,80
SUFOO LIFE (237779-P1),11.38,$405,3,75%,4,50%,8
SUMMER CRUSH VINEYARD AND WINERY (255161-P1),8.63,$100,0,0%,1,50%,4
SUN LEE INC (246384-P1),15.7,$130,1,50%,2,50%,4
SUNJIN USA (247877-P1),25.45,"$1,758",2,20%,10,38%,34
SUNLAND SPECIALTIES (60381-P1),18.96,"$1,541",6,38%,16,83%,18
SUNLIGHT TRANSPORTATION (83659-P1),15.03,$712,5,23%,22,23%,123
SUNROCK CERAMICS COMPANY (61394-P1),12.0,$32,1,100%,1,5%,22
SUNS OUT (96698-P1),13.39,"$1,036",6,50%,12,93%,14
SUNSET PACIFIC TRANSPORTATION (87754-P1),15.88,$977,0,0%,6,78%,9
SUNSTONE METAL PRODUCTS LLC (89350-P1),16.07,$502,3,43%,7,41%,41
SUNWAY EXPRESS (67833-P1),11.05,$379,1,25%,4,57%,7
SUPERIOR NUT COMPANY (116837-P1),52.13,$231,0,0%,1,67%,3
SUPERIOR SPRING COMPANY (245137-P1),14.45,$103,1,33%,3,43%,7
SURCO INC (104327-P1),13.31,$361,1,11%,9,64%,14
SURFACE FINISHING COMPANY LLC (96016-P1),19.66,$883,1,7%,15,84%,19
SURRAJ PLASTICS CO (242652-P1),8.11,$90,2,67%,3,38%,8
SUSTAINABLE TECHNOLOGIES LLC (112065-P1),11.96,$906,8,35%,23,44%,48
SUTONG TIRE RESOURCES - IN (111528-P1),8.99,$276,0,0%,1,12%,8
SUTONG TIRE RESOURCES HOUSTON (239248-P1),18.18,$67,1,50%,2,29%,7
SUWANNEE RIVER SUPPLY (238487-P1),16.58,$890,5,25%,20,48%,44
SWIFT SUPPLY CO INC (104231-P1),16.21,$473,0,0%,7,50%,14
SYNTHETIC TURF DEPOT (108701-P1),16.07,"$1,495",0,0%,2,,
T WEST (60992-P1),17.45,$111,1,50%,2,50%,4
T-REX TRUCK PRODUCTS INC (231680-P1),12.5,$69,0,0%,1,20%,5
T-SPA MFG (254162-P1),15.93,$167,0,0%,2,43%,7
"TABLE MATE PRODUCTS, INC. (247181-P1)",16.57,"$2,491",1,11%,9,59%,17
TAOKAENOI USA INC DBA NORA SNACKS (88282-P1),39.62,$84,0,0%,1,17%,6
TECHNOLOGY INTEGRATION GROUP (241508-P1),18.5,$295,0,0%,1,,
TECHTRADE SOLUTIONS (104510-P1),19.24,$707,4,33%,12,39%,28
TERRA PACIFIC WASTE MANAGEMENT (96430-P1),13.54,$366,3,30%,10,46%,26
TETRACO LLC (101261-P1),22.78,"$5,449",6,18%,33,64%,55
THE ABS COMPANY (97215-P1),12.13,"$2,725",29,33%,87,18%,581
THE CHERIE ROSE COLLECTION (114105-P1),24.92,"$1,192",0,0%,4,67%,6
THE DIPPER INC (95999-P1),15.26,"$3,135",13,37%,35,38%,120
THE GINGER PEOPLE GROUP (98572-P1),14.17,"$3,461",22,47%,47,59%,79
THE HANDY KENLIN GROUP (250857-P1),19.96,$44,0,0%,1,,
THE LIGHTING COMPANY (107259-P1),17.85,$169,1,100%,1,5%,22
THE NEW DIAMOND LINE CONTAINER CORPORATION (109641-P1),13.99,"$6,002",30,18%,171,30%,605
THE NEW DIAMOND LINE CONTAINER CORPORATION - BARB (230151-P1),40.0,"$14,500",73,51%,142,55%,262
THE NORTHWEST GROUP LLC (104134-P1),16.96,"$41,313",99,39%,252,76%,329
"THE STAPLETON GROUP, INC (235240-P1)",10.97,"$2,972",25,23%,110,6%,2650
THOR KITCHEN (242022-P1),7.5,$28,1,100%,1,100%,1
THOROBRED INC (102417-P1),18.31,$593,4,16%,25,29%,86
THREE KINGS (242095-P1),15.85,"$1,857",6,40%,15,29%,49
THREE Ns DEEP (90312-P1),16.04,"$2,956",13,52%,25,60%,42
THUNDERSTRUCK MOTORS (106217-P1),14.25,$474,4,50%,8,36%,36
TILE AND STONE EXPRESS (96744-P1),13.12,$886,5,33%,15,33%,45
TILE TECH INC (65929-P1),16.27,"$2,218",7,28%,25,6%,443
TIME MARK (253146-P1),11.0,$71,0,0%,1,33%,3
TNC PROMOTIONAL MARKETING LLC (229010-P1),32.34,$342,0,0%,1,100%,1
TNJ GLOBAL INC (82126-P1),33.4,$789,2,67%,3,5%,56
TNM BEAUTY PLUS (251185-P1),16.01,$223,1,100%,1,33%,6
TNR FUELS (243580-P1),18.19,$361,1,33%,3,75%,4
TNT SOLUTION KC LLC (109564-P1),14.88,"$3,678",27,48%,56,37%,198
TO MARKET GLOBAL (100292-P1),13.89,"$1,041",2,7%,27,100%,29
TOMEI POWERED USA (110700-P1),18.48,"$7,017",23,47%,49,93%,61
TONER MOTION (50622-P1),19.26,$298,1,50%,2,23%,13
TOP NOTCH NEW AND USED LLC (252249-P1),31.51,$526,0,0%,1,,
TOP TWO TEXTILES INC (247158-P1),12.17,$406,8,114%,7,64%,11
TOP WISE LOGISTICS - CA (89101-P1),18.2,"$2,128",4,21%,19,25%,85
TOPLINE MANUFACTURING (52864-P1),22.62,"$6,705",5,24%,21,42%,36
TRANSDECO INTL (50580-P1),10.0,$93,0,0%,2,29%,7
TRASIAN MANUFACTURING LTD (252025-P1),17.54,$995,2,12%,16,28%,74
TRASIAN Manufacturing Ltd (252025-P1),-10.72,$-25,0,0%,1,,
TRENDSTAR CORP (249751-P1),37.11,"$1,561",3,33%,9,52%,21
TRINITY FORCE (65705-P1),13.96,$109,1,50%,2,75%,4
TRIWAYS LOGISTICS (117156-P1),35.14,$135,0,0%,2,67%,6
TUBE LIGHTING PRODUCTS (251263-P1),12.64,$91,0,0%,2,50%,4
TUCKER INTERNATIONAL USA INC (98617-P1),9.29,$200,0,0%,1,,
TV TIME DIRECT (102383-P1),32.27,"$3,216",7,30%,23,68%,38
TWINMED LLC - CA (244934-P1),20.1,"$1,400",0,0%,2,0%,1
"TYCS LOGISTICS, INC (252409-P1)",12.82,$602,4,40%,10,41%,32
TZ CASE (60080-P1),22.03,$502,2,40%,5,42%,12
The Handy Kenlin Group (250857-P1),21.41,$48,0,0%,1,,
UFO INC (248889-P1),53.57,$500,1,100%,1,33%,6
UG HEALTHCARE (66570-P1),17.87,"$1,326",3,19%,16,38%,53
ULTIMATE BUILDER SERVICES (104871-P1),16.08,$34,1,100%,1,100%,1
ULTIMATE SOLUTIONS (116590-P1),13.97,"$4,155",27,33%,82,36%,236
UNI FILTER (51384-P1),19.74,"$3,692",10,37%,27,83%,41
UNICRAFT CABINETRY INC (65725-P1),15.64,$854,8,80%,10,42%,26
UNIQUE CANDIES LLC (101508-P1),16.68,$462,2,33%,6,14%,44
UNIQUE TRONICS (61690-P1),12.5,$86,1,100%,1,12%,8
UNITED DISCOUNT WHOLESALE INC (101175-P1),20.9,"$1,636",4,31%,13,31%,45
UNITED KANBOO USA CORP (66882-P1),28.47,"$1,573",0,0%,7,73%,11
UNITED WAREHOUSE & LOGISTICS (244873-P1),10.96,$313,4,50%,8,25%,36
URETHANE PRODUCTS CORPORATION (109857-P1),18.7,$951,4,67%,6,26%,19
US MSS LOGISTICS - FONTANA (239583-P1),15.6,"$2,789",8,44%,18,13%,167
USA TECHNOLOGY CORP (81252-P1),21.54,"$20,359",73,38%,192,84%,223
VANGUARD SOAP LLC (244830-P1),18.35,$189,1,20%,5,83%,6
VERTEX PACKAGING SUPPLIES (87263-P1),14.51,$106,2,100%,2,40%,5
VIKING PRODUCTS (110863-P1),28.66,$252,1,33%,3,60%,5
VIKS DISTRIBUTORS (102657-P1),12.83,$45,0,0%,1,17%,6
VILLA HALLMARK (239249-P1),18.25,"$3,094",2,17%,12,33%,33
VIP RUBBER COMPANY (50937-P1),15.95,"$3,102",12,31%,39,66%,58
VIVIANS BASKETS (241322-P1),53.22,$400,1,100%,1,33%,3
VULCAN WIRE (81237-P1),17.02,"$2,079",7,25%,28,62%,87
W&W WHOLESALE INC (89812-P1),35.04,"$7,368",10,33%,30,29%,111
WAGAN CORP (84995-P1),17.63,$261,1,50%,2,9%,32
WANDA LOGISTICS INC (66435-P1),14.5,$178,0,0%,3,4%,92
WANTECH INTERNATIONAL (84917-P1),25.95,"$1,754",3,43%,7,20%,40
WASATCH (51130-P1),25.24,"$1,230",2,20%,10,32%,25
WASATCH LABS (96890-P1),14.27,$328,4,50%,8,6%,143
WE CONNECT LOGISTICS (100133-P1),15.02,$64,0,0%,2,100%,3
WECLY INTERNATIONAL (50402-P1),25.3,$254,2,100%,2,40%,5
WELLELL INC. (107879-P1),18.78,$920,6,26%,23,42%,53
WESCOM INC (254084-P1),11.39,$222,0,0%,1,25%,4
WEST STATE BILLIARDS (69862-P1),16.88,"$1,005",3,38%,8,47%,15
WESTCOAST WATER WORKS WAREHOUSE (61921-P1),27.79,$314,0,0%,7,100%,8
WESTERN FIBERGLASS (104464-P1),33.06,"$6,416",5,14%,36,47%,87
WESTERN PACIFIC TILE (244619-P1),13.78,$20,0,0%,1,5%,42
WHEELPLUS (52356-P1),13.27,$132,2,100%,2,100%,3
WHOLE TRADING INC (101886-P1),15.69,$611,1,14%,7,41%,17
WHYNTER LLC (102952-P1),12.65,"$1,158",7,32%,22,10%,216
WICKS ROOFING & SOLAR INC (251187-P1),26.83,$550,0,0%,1,,
WILD WOOD APOTHECARY (97586-P1),25.43,$111,0,0%,1,100%,1
WILLIAMS BREWING (87361-P1),14.16,$641,3,25%,12,56%,27
WILLOW SPRINGS SRA (246192-P1),12.74,$181,1,17%,6,37%,43
WILSHIRE INDUSTRIES LLC (103395-P1),19.29,$193,3,38%,8,18%,44
WILSON PONTOONS (97704-P1),14.32,$213,1,50%,2,6%,51
WING START INTERNATION CO (228691-P1),12.99,$44,1,100%,1,33%,3
WINJET AUTOMOTIVE (113877-P1),15.28,"$3,354",14,30%,47,57%,84
WITTEK GOLF SUPPLY (62362-P1),10.23,$629,5,50%,10,19%,77
WOODSPUR FARMS (243219-P1),18.27,$554,2,25%,8,27%,37
WORKSTATION INDUSTRIES (51353-P1),14.56,"$2,236",13,43%,30,31%,99
WORLD DEPOT (100744-P1),15.37,"$67,158",147,23%,643,48%,1261
WORLD DEPOT INC - IL (104046-P1),9.47,$110,0,0%,1,,
WORLDWIDE FILTER (229893-P1),19.52,$79,1,100%,1,100%,1
WOZNIAK DISTRIBUTION (116911-P1),20.09,"$1,340",1,25%,4,75%,4
WWTL GROUP LTD (238135-P1),19.02,"$1,311",7,29%,24,67%,43
XRT LOGISTICS (250593-P1),16.19,$57,1,50%,2,33%,6
YATARI EXPRESS INTERNATIONAL INC (96618-P1),15.23,$934,4,33%,12,59%,22
YML GROUP INC (50886-P1),19.48,$170,1,50%,2,6%,53
YODER OIL CO INC (247813-P1),15.16,$452,2,22%,9,22%,51
YOSHIMASA (60916-P1),21.03,$588,2,33%,6,14%,37
Z DENTAL (237281-P1),12.5,$122,1,50%,2,22%,9
ZACA INC. (60803-P1),16.65,"$3,199",30,27%,111,59%,186
ZEPP NORTH AMERICA INC (251723-P1),30.89,$575,0,0%,2,,
ZJW INC (113308-P1),20.58,"$2,367",13,62%,21,77%,31
